CTUID,DGUID,CTNAME,LANDAREA,PRUID,Shape_Length,Shape_Area,CTNAME_1,Total___Population_aged_15_year,Median_amount____,Average_amount____,Population__2021,Total_private_dwellings__2021,Land_area_in_square_kilometres_,Population_density_per_square_k,ObjectID,Median_Income,Pop_density_sqkm,Population,Total_Private_Dwellings,Average_Income
8250077.19,2021S05078250077.19,0077.19,12.977000000000000,48,16171.022225525275644,12984650.133532403036952,0077.19,3805,40000,47760,4718.000000000000000,1787.000000000000000,12.980000000000000,363.600000000000023,268,40000,364,4718,1787,47760
8250077.2,2021S05078250077.20,0077.20,1.911000000000000,48,6239.597502941514904,1910651.891672922531143,0077.20,3965,41600,51300,5162.000000000000000,1725.000000000000000,1.910000000000000,2701.199999999999818,269,41600,2701,5162,1725,51300
8250077.21,2021S05078250077.21,0077.21,2.860900000000000,48,9635.528082711078241,2914046.810686049517244,0077.21,4325,36800,45480,5435.000000000000000,2238.000000000000000,2.890000000000000,1899.799999999999955,270,36800,1900,5435,2238,45480
8250077.22,2021S05078250077.22,0077.22,1.802200000000000,48,5762.579017477914022,1806436.981033323099837,0077.22,4045,39600,54350,5019.000000000000000,1685.000000000000000,1.800000000000000,2784.900000000000091,271,39600,2785,5019,1685,54350
8250002.14,2021S05078250002.14,0002.14,2.123900000000000,48,7051.930552182505380,2256037.660533314105123,0002.14,3930,48000,59850,4786.000000000000000,2003.000000000000000,2.120000000000000,2253.400000000000091,47,48000,2253,4786,2003,59850
8250002.15,2021S05078250002.15,0002.15,3.126100000000000,48,9568.129683873152317,3620953.196861882694066,0002.15,3415,42800,52750,4274.000000000000000,1532.000000000000000,3.130000000000000,1367.200000000000045,48,42800,1367,4274,1532,52750
8250050.07,2021S05078250050.07,0050.07,2.701500000000000,48,7870.637776721560840,2844181.844419465400279,0050.07,2600,36000,44040,3105.000000000000000,1665.000000000000000,2.700000000000000,1149.400000000000091,180,36000,1149,3105,1665,44040
8250050.1,2021S05078250050.10,0050.10,2.444300000000000,48,6351.139019100080077,2443778.437457389663905,0050.10,5655,50800,70200,8059.000000000000000,2851.000000000000000,2.440000000000000,3297.099999999999909,181,50800,3297,8059,2851,70200
8250077.23,2021S05078250077.23,0077.23,2.415100000000000,48,8648.776721401956820,2414608.269446964375675,0077.23,4270,42000,49800,5668.000000000000000,1975.000000000000000,2.420000000000000,2346.900000000000091,272,42000,2347,5668,1975,49800
8250077.24,2021S05078250077.24,0077.24,1.382500000000000,48,6949.771772548632725,1382204.652400131803006,0077.24,3615,38000,48360,4528.000000000000000,1543.000000000000000,1.380000000000000,3275.199999999999818,273,38000,3275,4528,1543,48360
8250003,2021S05078250003.00,0003.00,10.042999999999999,48,19252.705042694778967,10192159.551653882488608,0003.00,2735,44000,56400,3296.000000000000000,1441.000000000000000,10.039999999999999,328.199999999999989,69,44000,328,3296,1441,56400
8250004,2021S05078250004.00,0004.00,1.994200000000000,48,5672.702472066041992,2001301.025283491238952,0004.00,2540,47200,75500,3088.000000000000000,1297.000000000000000,1.990000000000000,1548.500000000000000,70,47200,1548,3088,1297,75500
8250005,2021S05078250005.00,0005.00,1.789500000000000,48,5553.971369800033244,1794292.007936839247122,0005.00,1685,39600,46600,2104.000000000000000,931.000000000000000,1.790000000000000,1175.700000000000045,71,39600,1176,2104,931,46600
8250006,2021S05078250006.00,0006.00,2.220600000000000,48,6069.912830796944945,2220136.340705704409629,0006.00,4890,36400,41600,6092.000000000000000,2665.000000000000000,2.220000000000000,2743.400000000000091,72,36400,2743,6092,2665,41600
8250008,2021S05078250008.00,0008.00,1.211400000000000,48,4797.292443998914678,1211169.077473127515987,0008.00,2285,45200,56700,2849.000000000000000,1180.000000000000000,1.210000000000000,2351.800000000000182,79,45200,2352,2849,1180,56700
8250009,2021S05078250009.00,0009.00,0.9755,48,4571.273711167934380,975349.426019008271396,0009.00,2075,37600,41880,2502.000000000000000,1273.000000000000000,0.98,2564.800000000000182,80,37600,2565,2502,1273,41880
8250010,2021S05078250010.00,0010.00,1.885700000000000,48,5595.182152991260409,1885285.629215313121676,0010.00,5990,34400,40840,7208.000000000000000,4090.000000000000000,1.890000000000000,3822.500000000000000,81,34400,3822,7208,4090,40840
8250011,2021S05078250011.00,0011.00,1.344100000000000,48,5093.335803410957851,1343789.441636060364544,0011.00,2630,42000,50200,3182.000000000000000,1395.000000000000000,1.340000000000000,2367.400000000000091,82,42000,2367,3182,1395,50200
8250012,2021S05078250012.00,0012.00,2.156500000000000,48,6244.552073878809097,2156112.794270228128880,0012.00,3185,38000,44080,3909.000000000000000,1799.000000000000000,2.160000000000000,1812.700000000000045,83,38000,1813,3909,1799,44080
8250013,2021S05078250013.00,0013.00,1.328800000000000,48,4815.146364207143961,1328538.525790580548346,0013.00,3820,34400,40360,4700.000000000000000,2410.000000000000000,1.330000000000000,3537.000000000000000,84,34400,3537,4700,2410,40360
8250014,2021S05078250014.00,0014.00,3.738200000000000,48,10338.159404885094773,3737462.682054092176259,0014.00,3665,49200,121400,5008.000000000000000,2011.000000000000000,3.740000000000000,1339.700000000000045,85,49200,1340,5008,2011,121400
8250015,2021S05078250015.00,0015.00,4.039900000000000,48,13314.401591224006552,4097321.541094266809523,0015.00,2710,48000,77500,3541.000000000000000,1388.000000000000000,4.040000000000000,876.500000000000000,86,48000,876,3541,1388,77500
8250016,2021S05078250016.00,0016.00,1.639900000000000,48,5927.491794495012073,1639618.241939231520519,0016.00,3560,45600,62600,4544.000000000000000,2000.000000000000000,1.640000000000000,2770.900000000000091,87,45600,2771,4544,2000,62600
8250019,2021S05078250019.00,0019.00,1.537900000000000,48,5537.307583123486438,1537597.676586261251941,0019.00,4000,39600,50560,5052.000000000000000,2263.000000000000000,1.540000000000000,3285.000000000000000,95,39600,3285,5052,2263,50560
8250020,2021S05078250020.00,0020.00,1.233400000000000,48,4730.404562066760263,1233162.410267017548904,0020.00,4175,45200,59500,5160.000000000000000,2541.000000000000000,1.230000000000000,4183.600000000000364,96,45200,4184,5160,2541,59500
8250023,2021S05078250023.00,0023.00,1.880000000000000,48,7986.932047352604968,1925010.579897897085175,0023.00,3735,67500,107600,5243.000000000000000,1997.000000000000000,1.880000000000000,2788.800000000000182,101,67500,2789,5243,1997,107600
8250024,2021S05078250024.00,0024.00,1.503800000000000,48,7199.487284806144999,1503453.796461580554023,0024.00,5975,50400,69600,7127.000000000000000,4030.000000000000000,1.500000000000000,4739.300000000000182,102,50400,4739,7127,4030,69600
8250025,2021S05078250025.00,0025.00,1.333200000000000,48,4616.435111370930827,1332906.447558281943202,0025.00,4495,45600,64400,5355.000000000000000,2966.000000000000000,1.330000000000000,4016.699999999999818,103,45600,4017,5355,2966,64400
8250026,2021S05078250026.00,0026.00,0.3976,48,2700.446431549175941,397507.874146135407500,0026.00,2960,36400,46240,3396.000000000000000,2328.000000000000000,0.4,8541.200000000000728,104,36400,8541,3396,2328,46240
8250028,2021S05078250028.00,0028.00,1.917800000000000,48,8737.637337670939814,2034112.432656900025904,0028.00,3135,68000,150000,4039.000000000000000,1596.000000000000000,1.920000000000000,2106.099999999999909,108,68000,2106,4039,1596,150000
8250029,2021S05078250029.00,0029.00,2.678400000000000,48,8593.952152651714641,2677881.429948266595602,0029.00,5880,40800,77200,7156.000000000000000,3607.000000000000000,2.680000000000000,2671.699999999999818,109,40800,2672,7156,3607,77200
8250030,2021S05078250030.00,0030.00,5.346600000000000,48,16236.085463736393649,5402398.708186993375421,0030.00,4000,41200,65200,4869.000000000000000,2835.000000000000000,5.350000000000000,910.700000000000045,110,41200,911,4869,2835,65200
8250032,2021S05078250032.00,0032.00,7.095600000000000,48,14274.845539005616956,7174686.053163135424256,0032.00,1820,42400,57500,2218.000000000000000,1140.000000000000000,7.100000000000000,312.600000000000023,113,42400,313,2218,1140,57500
8250034,2021S05078250034.00,0034.00,5.343800000000000,48,13032.993673330111051,6290647.750962140969932,0034.00,3630,49200,60250,4380.000000000000000,2491.000000000000000,5.340000000000000,819.600000000000023,116,49200,820,4380,2491,60250
8250037,2021S05078250037.00,0037.00,1.336600000000000,48,4914.074234852548216,1336293.768286673817784,0037.00,3035,29600,33120,4149.000000000000000,1914.000000000000000,1.320000000000000,3104.099999999999909,121,29600,3104,4149,1914,33120
8250039,2021S05078250039.00,0039.00,4.702000000000000,48,9543.583950311507579,4706927.415715391747653,0039.00,5280,31800,35560,6753.000000000000000,3026.000000000000000,4.700000000000000,1436.200000000000045,161,31800,1436,6753,3026,35560
8250040,2021S05078250040.00,0040.00,3.933000000000000,48,9053.998794788869418,3974032.959860034752637,0040.00,4725,37200,42680,5937.000000000000000,2789.000000000000000,3.930000000000000,1509.500000000000000,162,37200,1510,5937,2789,42680
8250041,2021S05078250041.00,0041.00,2.120100000000000,48,6959.055607412493373,2140369.424059738870710,0041.00,5350,44400,58650,6860.000000000000000,3873.000000000000000,2.120000000000000,3235.699999999999818,163,44400,3236,6860,3873,58650
8250043,2021S05078250043.00,0043.00,1.625600000000000,48,5615.442618731400216,1675658.610832317965105,0043.00,6395,38400,64300,7563.000000000000000,5513.000000000000000,1.630000000000000,4652.399999999999636,166,38400,4652,7563,5513,64300
8250044,2021S05078250044.00,0044.00,0.8042,48,4706.620564846803973,804051.077699182205833,0044.00,8600,42000,53600,9322.000000000000000,7469.000000000000000,0.8,11591.600000000000364,167,42000,11592,9322,7469,53600
8250047,2021S05078250047.00,0047.00,1.588800000000000,48,6856.117150272709296,1588443.850510952994227,0047.00,4240,36000,49040,5298.000000000000000,2641.000000000000000,1.590000000000000,3334.599999999999909,172,36000,3335,5298,2641,49040
8250048,2021S05078250048.00,0048.00,2.977700000000000,48,8536.126361832442853,3276667.980434143915772,0048.00,4825,40400,57850,6323.000000000000000,3113.000000000000000,2.980000000000000,2123.500000000000000,173,40400,2124,6323,3113,57850
8250051,2021S05078250051.00,0051.00,2.237300000000000,48,9426.510973110629493,2562789.661022389773279,0051.00,4110,36400,45480,5022.000000000000000,2559.000000000000000,2.240000000000000,2244.699999999999818,193,36400,2245,5022,2559,45480
8250053,2021S05078250053.00,0053.00,3.142400000000000,48,9332.430580068812560,3141798.567362186033279,0053.00,4555,44000,55450,6081.000000000000000,2811.000000000000000,3.140000000000000,1935.099999999999909,204,44000,1935,6081,2811,55450
8250054,2021S05078250054.00,0054.00,1.261800000000000,48,6583.068261326284301,1261597.121685124700889,0054.00,3095,50400,76600,3868.000000000000000,1901.000000000000000,1.260000000000000,3065.500000000000000,205,50400,3066,3868,1901,76600
8250055,2021S05078250055.00,0055.00,1.880700000000000,48,6341.850262804763588,1880297.226605533622205,0055.00,2230,47600,98300,3130.000000000000000,1210.000000000000000,1.880000000000000,1664.299999999999955,206,47600,1664,3130,1210,98300
8250056,2021S05078250056.00,0056.00,1.594400000000000,48,7092.025689580570543,1834343.662615125766024,0056.00,4660,52400,74700,5738.000000000000000,2879.000000000000000,1.590000000000000,3598.800000000000182,207,52400,3599,5738,2879,74700
8250057,2021S05078250057.00,0057.00,2.305000000000000,48,6134.864543648317522,2304499.301217219326645,0057.00,4555,48400,67500,6018.000000000000000,3022.000000000000000,2.310000000000000,2610.800000000000182,208,48400,2611,6018,3022,67500
8250058,2021S05078250058.00,0058.00,1.959900000000000,48,7191.254329770652475,2105834.929996461141855,0058.00,5605,44800,70900,6615.000000000000000,3817.000000000000000,1.960000000000000,3375.199999999999818,209,44800,3375,6615,3817,70900
8250059,2021S05078250059.00,0059.00,1.541600000000000,48,6498.591115075576454,1615650.002692518057302,0059.00,5855,42400,54000,6876.000000000000000,4115.000000000000000,1.540000000000000,4460.300000000000182,210,42400,4460,6876,4115,54000
8250060,2021S05078250060.00,0060.00,2.031200000000000,48,7453.901150883216360,2042640.852127492427826,0060.00,4175,47600,60250,5088.000000000000000,2776.000000000000000,2.030000000000000,2504.900000000000091,211,47600,2505,5088,2776,60250
8250061,2021S05078250061.00,0061.00,38.127000000000002,48,36225.890024897795229,38436164.546531662344933,0061.00,2210,34400,41720,3267.000000000000000,1235.000000000000000,38.130000000000003,85.700000000000003,212,34400,86,3267,1235,41720
8250062,2021S05078250062.00,0062.00,1.479000000000000,48,4887.088284766819925,1478659.128661712398753,0062.00,4480,42800,57850,5452.000000000000000,2784.000000000000000,1.480000000000000,3686.300000000000182,213,42800,3686,5452,2784,57850
8250063,2021S05078250063.00,0063.00,1.341900000000000,48,4634.713545104719742,1341626.044645888730884,0063.00,3795,46400,59650,4799.000000000000000,2219.000000000000000,1.340000000000000,3576.300000000000182,214,46400,3576,4799,2219,59650
8250064,2021S05078250064.00,0064.00,1.970400000000000,48,7246.267720328171890,1969968.617681815987453,0064.00,4820,39200,55750,6135.000000000000000,2985.000000000000000,1.970000000000000,3113.599999999999909,215,39200,3114,6135,2985,55750
8250065,2021S05078250065.00,0065.00,1.432200000000000,48,5904.457541934563778,1431909.259426857810467,0065.00,3180,34800,49120,3832.000000000000000,1848.000000000000000,1.430000000000000,2675.599999999999909,216,34800,2676,3832,1848,49120
8250067,2021S05078250067.00,0067.00,0.8875,48,4100.088640950773879,887281.851229826454073,0067.00,2730,33200,41760,3292.000000000000000,1803.000000000000000,0.89,3709.300000000000182,220,33200,3709,3292,1803,41760
8250068,2021S05078250068.00,0068.00,1.068900000000000,48,4485.906823154191443,1068675.771031822543591,0068.00,2155,44400,64200,2746.000000000000000,1101.000000000000000,1.070000000000000,2569.000000000000000,221,44400,2569,2746,1101,64200
8250069,2021S05078250069.00,0069.00,1.087000000000000,48,5263.526991436081516,1086751.591467797057703,0069.00,1745,44000,63500,2210.000000000000000,946.000000000000000,1.090000000000000,2033.099999999999909,222,44000,2033,2210,946,63500
8250070,2021S05078250070.00,0070.00,1.641500000000000,48,6558.125391403465073,1641147.561650998890400,0070.00,1890,40000,54800,2335.000000000000000,1053.000000000000000,1.640000000000000,1422.500000000000000,223,40000,1422,2335,1053,54800
8250071,2021S05078250071.00,0071.00,1.866200000000000,48,5638.005754821077971,1865838.771543309092522,0071.00,2490,43600,54500,3144.000000000000000,1441.000000000000000,1.870000000000000,1684.700000000000045,224,43600,1685,3144,1441,54500
8250072,2021S05078250072.00,0072.00,2.384100000000000,48,6933.200699061649175,2383644.616101096384227,0072.00,4975,41200,50760,6357.000000000000000,3180.000000000000000,2.380000000000000,2666.400000000000091,225,41200,2666,6357,3180,50760
8250073,2021S05078250073.00,0073.00,1.161700000000000,48,4743.069039779782543,1161481.266223938437179,0073.00,2060,33600,41680,2433.000000000000000,1359.000000000000000,1.160000000000000,2094.300000000000182,226,33600,2094,2433,1359,41680
8250074,2021S05078250074.00,0074.00,1.616700000000000,48,5748.150255829346861,1616364.139825524529442,0074.00,2715,40800,48000,3468.000000000000000,1510.000000000000000,1.620000000000000,2145.099999999999909,227,40800,2145,3468,1510,48000
8250001.3,2021S05078250001.30,0001.30,1.860000000000000,48,5979.109183640558513,1924329.529631643090397,0001.30,4850,39200,46680,6247.000000000000000,2046.000000000000000,1.860000000000000,3358.599999999999909,20,39200,3359,6247,2046,46680
8250001.01,2021S05078250001.01,0001.01,1.703200000000000,48,5482.197003690101155,1702822.200140000088140,0001.01,4085,39600,46680,5001.000000000000000,2159.000000000000000,1.700000000000000,2936.199999999999818,1,39600,2936,5001,2159,46680
8250001.02,2021S05078250001.02,0001.02,3.662500000000000,48,9629.270032857339174,3976850.836668560281396,0001.02,4940,49600,87300,6257.000000000000000,2635.000000000000000,3.660000000000000,1708.400000000000091,2,49600,1708,6257,2635,87300
8250001.03,2021S05078250001.03,0001.03,1.048800000000000,48,4384.171152682170941,1048567.389253132510930,0001.03,1640,47200,52800,2043.000000000000000,822.000000000000000,1.050000000000000,1947.900000000000091,3,47200,1948,2043,822,52800
8250038.02,2021S05078250038.02,0038.02,1.110200000000000,48,4563.964479352940543,1109953.129606946138665,0038.02,2970,33200,37360,3818.000000000000000,1415.000000000000000,1.110000000000000,3439.000000000000000,122,33200,3439,3818,1415,37360
8250038.03,2021S05078250038.03,0038.03,1.286000000000000,48,5031.458127450468965,1285750.702000507619232,0038.03,3240,31800,35520,4192.000000000000000,1640.000000000000000,1.290000000000000,3259.699999999999818,123,31800,3260,4192,1640,35520
8250038.04,2021S05078250038.04,0038.04,1.523800000000000,48,5223.515192996964288,1523526.699019057676196,0038.04,4570,32400,35600,6120.000000000000000,2239.000000000000000,1.520000000000000,4016.300000000000182,124,32400,4016,6120,2239,35600
8250076.01,2021S05078250076.01,0076.01,0.864,48,4638.152870962396264,863847.576026114518754,0076.01,2190,36000,41960,2787.000000000000000,1107.000000000000000,0.86,3225.699999999999818,230,36000,3226,2787,1107,41960
8250076.02,2021S05078250076.02,0076.02,1.107900000000000,48,5719.454393532399081,1107722.168829209171236,0076.02,2480,34000,38840,3227.000000000000000,1381.000000000000000,1.110000000000000,2912.699999999999818,231,34000,2913,3227,1381,38840
8250076.03,2021S05078250076.03,0076.03,1.656700000000000,48,6590.678698707066360,1656376.258418884128332,0076.03,3490,39600,51500,4333.000000000000000,1910.000000000000000,1.660000000000000,2615.400000000000091,232,39600,2615,4333,1910,51500
8250001.32,2021S05078250001.32,0001.32,1.795000000000000,48,7481.482349114610770,1929231.509102638112381,0001.32,4185,44000,54200,5582.000000000000000,1861.000000000000000,1.800000000000000,3109.699999999999818,21,44000,3110,5582,1861,54200
8250001.33,2021S05078250001.33,0001.33,1.004500000000000,48,4203.960754328678377,1004321.487277169246227,0001.33,2260,45600,63150,3043.000000000000000,885.000000000000000,1.000000000000000,3029.400000000000091,22,45600,3029,3043,885,63150
8250001.35,2021S05078250001.35,0001.35,17.497800000000002,48,19712.631758271912986,18191861.422574143856764,0001.35,3300,41600,46520,4584.000000000000000,1417.000000000000000,17.500000000000000,262.000000000000000,23,41600,262,4584,1417,46520
8250001.37,2021S05078250001.37,0001.37,0.7557,48,4271.592516034176697,755523.367000148864463,0001.37,3445,40000,44400,4666.000000000000000,1829.000000000000000,0.76,6174.399999999999636,24,40000,6174,4666,1829,44400
8250001.38,2021S05078250001.38,0001.38,1.265000000000000,48,5633.130877986005544,1264716.662732781609520,0001.38,4255,39200,43600,5637.000000000000000,1869.000000000000000,1.270000000000000,4456.100000000000364,25,39200,4456,5637,1869,43600
8250001.39,2021S05078250001.39,0001.39,4.949700000000000,48,11410.604290320539803,4986759.545111510902643,0001.39,5055,39200,44160,6910.000000000000000,2354.000000000000000,4.950000000000000,1396.000000000000000,26,39200,1396,6910,2354,44160
8250076.19,2021S05078250076.19,0076.19,1.587300000000000,48,6666.920521918223130,1587006.009669409366325,0076.19,2710,35200,45840,3314.000000000000000,1029.000000000000000,1.590000000000000,2087.800000000000182,240,35200,2088,3314,1029,45840
8250076.2,2021S05078250076.20,0076.20,1.820000000000000,48,6359.409056998385495,1819648.070241844048724,0076.20,2940,39200,45000,3702.000000000000000,1428.000000000000000,1.820000000000000,2034.099999999999909,241,39200,2034,3702,1428,45000
8250052.09,2021S05078250052.09,0052.09,1.412200000000000,48,5465.699796137264457,1411879.953120045131072,0052.09,4255,53200,63800,6045.000000000000000,2044.000000000000000,1.410000000000000,4280.600000000000364,200,53200,4281,6045,2044,63800
8250001.04,2021S05078250001.04,0001.04,2.530400000000000,48,9023.994963512912364,2543984.203760189004242,0001.04,4495,40400,47600,5549.000000000000000,2312.000000000000000,2.530000000000000,2192.900000000000091,4,40400,2193,5549,2312,47600
8250001.05,2021S05078250001.05,0001.05,1.151100000000000,48,4369.794645662089351,1150901.650336568010971,0001.05,2120,50800,68800,2854.000000000000000,1043.000000000000000,1.150000000000000,2479.400000000000091,5,50800,2479,2854,1043,68800
8250001.06,2021S05078250001.06,0001.06,3.386300000000000,48,8910.125273273421044,3389649.929486236535013,0001.06,2990,48400,60000,3652.000000000000000,1446.000000000000000,3.390000000000000,1078.500000000000000,6,48400,1078,3652,1446,60000
8250001.07,2021S05078250001.07,0001.07,2.927100000000000,48,7697.090707907177602,2964429.235607557464391,0001.07,4440,41200,47360,5895.000000000000000,2414.000000000000000,2.930000000000000,2013.900000000000091,7,41200,2014,5895,2414,47360
8250001.08,2021S05078250001.08,0001.08,3.628800000000000,48,10000.680185790783071,3629299.724158196710050,0001.08,3745,38800,47360,5134.000000000000000,2107.000000000000000,3.630000000000000,1414.799999999999955,8,38800,1415,5134,2107,47360
8250001.09,2021S05078250001.09,0001.09,3.475000000000000,48,9223.297221926493876,3535727.274025431368500,0001.09,4570,41200,51160,5895.000000000000000,2411.000000000000000,3.480000000000000,61696.400000000001455,9,41200,61696,5895,2411,51160
8250007.01,2021S05078250007.01,0007.01,1.957100000000000,48,5650.783582310891688,1956719.080185594502836,0007.01,4700,40400,46520,5706.000000000000000,2549.000000000000000,1.960000000000000,2915.500000000000000,73,40400,2916,5706,2549,46520
8250007.02,2021S05078250007.02,0007.02,2.041900000000000,48,6223.250029624759009,2073974.086373831378296,0007.02,4770,40800,46560,5943.000000000000000,2615.000000000000000,2.040000000000000,2910.500000000000000,74,40800,2910,5943,2615,46560
8250007.03,2021S05078250007.03,0007.03,4.991000000000000,48,13264.812943962055215,5293175.683302595280111,0007.03,4490,46000,58400,5623.000000000000000,2295.000000000000000,4.990000000000000,1126.599999999999909,75,46000,1127,5623,2295,58400
8250035.01,2021S05078250035.01,0035.01,2.772400000000000,48,6820.420499178349928,2783981.067980136722326,0035.01,5640,34400,38440,6896.000000000000000,3350.000000000000000,2.770000000000000,2487.400000000000091,117,34400,2487,6896,3350,38440
8250035.02,2021S05078250035.02,0035.02,0.8533,48,4108.292890934176285,878353.440596369211562,0035.02,1390,32800,38880,1680.000000000000000,869.000000000000000,0.85,1968.799999999999955,118,32800,1969,1680,869,38880
8250036.01,2021S05078250036.01,0036.01,0.9434,48,4537.556072395818774,943202.782871320261620,0036.01,2805,33600,36880,3544.000000000000000,1546.000000000000000,0.94,3756.599999999999909,119,33600,3757,3544,1546,36880
8250036.02,2021S05078250036.02,0036.02,0.9776,48,4005.149003202513541,977417.368111644289456,0036.02,2695,30000,32960,3364.000000000000000,1585.000000000000000,0.98,3441.099999999999909,120,30000,3441,3364,1585,32960
8250038.05,2021S05078250038.05,0038.05,1.198000000000000,48,4848.279891755405515,1197713.436281270580366,0038.05,3600,33200,36840,4729.000000000000000,1780.000000000000000,1.200000000000000,3947.400000000000091,125,33200,3947,4729,1780,36840
8250038.06,2021S05078250038.06,0038.06,2.182300000000000,48,6665.514028432628038,2205042.879342387896031,0038.06,4905,34400,37880,6561.000000000000000,2373.000000000000000,2.180000000000000,3006.500000000000000,126,34400,3006,6561,2373,37880
8250038.07,2021S05078250038.07,0038.07,1.388400000000000,48,5007.637106011040487,1388077.180880895582959,0038.07,3515,33200,37000,4560.000000000000000,1658.000000000000000,1.390000000000000,3284.400000000000091,127,33200,3284,4560,1658,37000
8250038.08,2021S05078250038.08,0038.08,1.361100000000000,48,4894.949169594183331,1360876.987486488185823,0038.08,3670,32400,35280,4740.000000000000000,1645.000000000000000,1.360000000000000,3482.500000000000000,128,32400,3482,4740,1645,35280
8250038.1,2021S05078250038.10,0038.10,1.484700000000000,48,6720.026255086526362,1484411.635636107763276,0038.10,4155,32000,36320,5362.000000000000000,1800.000000000000000,1.480000000000000,3611.500000000000000,129,32000,3612,5362,1800,36320
8250038.11,2021S05078250038.11,0038.11,1.131800000000000,48,4970.448579416818575,1131537.334387568989769,0038.11,3915,31800,35160,5187.000000000000000,1861.000000000000000,1.130000000000000,4583.000000000000000,130,31800,4583,5187,1861,35160
8250038.12,2021S05078250038.12,0038.12,1.347800000000000,48,5010.245847483379293,1347546.468787696445361,0038.12,3880,32800,38360,5058.000000000000000,2037.000000000000000,1.350000000000000,3752.800000000000182,131,32800,3753,5058,2037,38360
8250038.13,2021S05078250038.13,0038.13,1.340600000000000,48,5493.601927118864296,1340349.159188008867204,0038.13,3940,32400,35920,5252.000000000000000,1772.000000000000000,1.340000000000000,3917.599999999999909,132,32400,3918,5252,1772,35920
8250038.14,2021S05078250038.14,0038.14,1.320500000000000,48,4847.266683364501660,1320253.988560148514807,0038.14,4170,33600,36960,5635.000000000000000,2022.000000000000000,1.320000000000000,4267.300000000000182,133,33600,4267,5635,2022,36960
8250052.01,2021S05078250052.01,0052.01,2.121500000000000,48,6319.296988061850243,2121051.073938230983913,0052.01,3155,41600,49920,3867.000000000000000,1707.000000000000000,2.120000000000000,1822.799999999999955,194,41600,1823,3867,1707,49920
8250052.02,2021S05078250052.02,0052.02,1.637500000000000,48,6203.900285299640018,1637183.022992085432634,0052.02,2815,45600,56450,3542.000000000000000,1382.000000000000000,1.640000000000000,2163.099999999999909,195,45600,2163,3542,1382,56450
8250052.03,2021S05078250052.03,0052.03,3.427200000000000,48,8929.404594624191304,3458368.895023877732456,0052.03,2970,47600,85100,3626.000000000000000,1470.000000000000000,3.430000000000000,1058.000000000000000,196,47600,1058,3626,1470,85100
8250052.04,2021S05078250052.04,0052.04,1.957100000000000,48,7102.869895445543079,1956751.530743893701583,0052.04,3700,41600,59100,4613.000000000000000,2149.000000000000000,1.960000000000000,2357.099999999999909,197,41600,2357,4613,2149,59100
8250066.02,2021S05078250066.02,0066.02,2.172700000000000,48,6203.869775365226815,2172232.284249013289809,0066.02,4415,36400,50680,5422.000000000000000,2714.000000000000000,2.170000000000000,2495.500000000000000,217,36400,2496,5422,2714,50680
8250075.01,2021S05078250075.01,0075.01,1.028200000000000,48,4506.594671794953683,1028025.763862295309082,0075.01,2400,34000,41320,3015.000000000000000,1350.000000000000000,1.030000000000000,2932.300000000000182,228,34000,2932,3015,1350,41320
8250075.02,2021S05078250075.02,0075.02,1.244100000000000,48,5147.625944219799749,1243831.409146294463426,0075.02,3320,34400,38720,4248.000000000000000,1913.000000000000000,1.240000000000000,3414.500000000000000,229,34400,3414,4248,1913,38720
8250076.04,2021S05078250076.04,0076.04,1.501100000000000,48,7053.537061493272631,1500842.723100425908342,0076.04,3075,36400,40560,3914.000000000000000,1659.000000000000000,1.500000000000000,2607.400000000000091,233,36400,2607,3914,1659,40560
8250076.05,2021S05078250076.05,0076.05,1.165500000000000,48,5261.564520694767452,1165278.641846783692017,0076.05,2515,36000,41480,3256.000000000000000,1365.000000000000000,1.170000000000000,2793.699999999999818,234,36000,2794,3256,1365,41480
8250076.06,2021S05078250076.06,0076.06,1.092600000000000,48,4909.158658006039332,1092378.584640959510580,0076.06,3350,36800,42480,4382.000000000000000,1719.000000000000000,1.090000000000000,4010.599999999999909,235,36800,4011,4382,1719,42480
8250077.01,2021S05078250077.01,0077.01,1.451100000000000,48,5151.017328454693597,1450798.101314646424726,0077.01,1850,40400,56900,2428.000000000000000,960.000000000000000,1.450000000000000,1673.200000000000045,259,40400,1673,2428,960,56900
8250077.02,2021S05078250077.02,0077.02,1.870200000000000,48,5455.531525509350104,1869836.405637758318335,0077.02,4355,35600,43760,5547.000000000000000,2454.000000000000000,1.870000000000000,2966.000000000000000,260,35600,2966,5547,2454,43760
8250077.03,2021S05078250077.03,0077.03,1.470200000000000,48,4871.998584857679816,1469948.989349375478923,0077.03,2475,42000,51700,3070.000000000000000,1191.000000000000000,1.470000000000000,2088.199999999999818,261,42000,2088,3070,1191,51700
8250052.1,2021S05078250052.10,0052.10,1.369100000000000,48,6475.039500701919678,1372059.053709672531113,0052.10,3665,44800,51500,4806.000000000000000,1884.000000000000000,1.370000000000000,3510.300000000000182,201,44800,3510,4806,1884,51500
8250001.1,2021S05078250001.10,0001.10,2.679700000000000,48,7800.822721180225926,2753872.089390755631030,0001.10,2170,42400,53050,2669.000000000000000,1064.000000000000000,2.680000000000000,996.000000000000000,10,42400,996,2669,1064,53050
8250001.11,2021S05078250001.11,0001.11,7.921100000000000,48,19642.813534775919834,8998233.138950098305941,0001.11,3675,39200,45960,4864.000000000000000,1925.000000000000000,7.920000000000000,614.100000000000023,11,39200,614,4864,1925,45960
8250001.13,2021S05078250001.13,0001.13,1.422700000000000,48,5797.857131083099375,1452438.153919769451022,0001.13,3545,41600,49120,4476.000000000000000,1746.000000000000000,1.420000000000000,3146.099999999999909,12,41600,3146,4476,1746,49120
8250002.02,2021S05078250002.02,0002.02,30.754200000000001,48,28704.808215898759954,32020993.654567740857601,0002.02,5390,36000,38440,7245.000000000000000,2575.000000000000000,30.750000000000000,235.599999999999994,38,36000,236,7245,2575,38440
8250017.01,2021S05078250017.01,0017.01,1.744900000000000,48,5909.364331654288435,1744558.735833458602428,0017.01,3865,38800,47160,5133.000000000000000,2173.000000000000000,1.740000000000000,2941.699999999999818,88,38800,2942,5133,2173,47160
8250033.01,2021S05078250033.01,0033.01,2.080000000000000,48,9508.843510861877803,2424966.947701463475823,0033.01,2655,37600,42880,3168.000000000000000,1523.000000000000000,2.080000000000000,1523.099999999999909,114,37600,1523,3168,1523,42880
8250033.02,2021S05078250033.02,0033.02,7.805100000000000,48,15271.289012534543872,8046248.889232110232115,0033.02,4205,36000,40000,5316.000000000000000,2405.000000000000000,7.810000000000000,681.100000000000023,115,36000,681,5316,2405,40000
8250038.15,2021S05078250038.15,0038.15,1.293100000000000,48,7002.946193096026946,1292890.483415159629658,0038.15,4470,32400,36240,6021.000000000000000,2096.000000000000000,1.290000000000000,4656.300000000000182,134,32400,4656,6021,2096,36240
8250038.17,2021S05078250038.17,0038.17,1.426400000000000,48,5399.640864395852986,1426075.347199085168540,0038.17,4305,33200,35480,6039.000000000000000,2096.000000000000000,1.430000000000000,4233.699999999999818,135,33200,4234,6039,2096,35480
8250038.18,2021S05078250038.18,0038.18,1.232800000000000,48,4594.528622785439438,1232514.084089591633528,0038.18,4555,31800,34680,6127.000000000000000,2004.000000000000000,1.230000000000000,4970.000000000000000,136,31800,4970,6127,2004,34680
8250046.01,2021S05078250046.01,0046.01,0.5703,48,3447.771660041170435,570179.981865738402121,0046.01,6290,38000,47520,7333.000000000000000,4874.000000000000000,0.57,12858.100000000000364,170,38000,12858,7333,4874,47520
8250046.02,2021S05078250046.02,0046.02,1.742300000000000,48,5690.985415971087605,1758903.938236906193197,0046.02,3845,39200,60150,4579.000000000000000,2663.000000000000000,1.740000000000000,2628.099999999999909,171,39200,2628,4579,2663,60150
8250049.01,2021S05078250049.01,0049.01,3.312300000000000,48,12620.333756149806504,3510873.126909416168928,0049.01,3310,44400,58850,4195.000000000000000,1778.000000000000000,3.310000000000000,1266.500000000000000,174,44400,1266,4195,1778,58850
8250050.01,2021S05078250050.01,0050.01,1.715200000000000,48,6572.401860710343499,1747398.295003877021372,0050.01,3120,36000,42160,3998.000000000000000,1927.000000000000000,1.720000000000000,2330.900000000000091,179,36000,2331,3998,1927,42160
8250077.04,2021S05078250077.04,0077.04,1.467300000000000,48,6154.378058410186895,1467023.321313175372779,0077.04,3900,36800,42040,5087.000000000000000,2176.000000000000000,1.470000000000000,3466.900000000000091,262,36800,3467,5087,2176,42040
8250077.06,2021S05078250077.06,0077.06,2.323600000000000,48,5956.561195670551569,2323144.376402024179697,0077.06,3280,44000,60950,4208.000000000000000,1583.000000000000000,2.320000000000000,1811.000000000000000,263,44000,1811,4208,1583,60950
8250052.11,2021S05078250052.11,0052.11,2.431700000000000,48,7391.098623696876530,2431248.794951373711228,0052.11,3590,51600,63650,5087.000000000000000,1633.000000000000000,2.430000000000000,2092.000000000000000,202,51600,2092,5087,1633,63650
8250052.12,2021S05078250052.12,0052.12,9.436000000000000,48,26458.468042771841283,9617218.732354277744889,0052.12,2870,52800,78800,4048.000000000000000,1231.000000000000000,9.440000000000000,429.000000000000000,203,52800,429,4048,1231,78800
8250002.17,2021S05078250002.17,0002.17,0.7901,48,3960.115636703270411,861517.835641947458498,0002.17,1830,44800,51800,2525.000000000000000,1014.000000000000000,0.79,3195.800000000000182,49,44800,3196,2525,1014,51800
8250002.18,2021S05078250002.18,0002.18,1.706100000000000,48,6087.102478204854378,1899527.658220803365111,0002.18,4940,48800,54800,6690.000000000000000,2642.000000000000000,1.710000000000000,3921.199999999999818,50,48800,3921,6690,2642,54800
8250002.22,2021S05078250002.22,0002.22,2.468700000000000,48,9299.500710431522748,2509164.534872219897807,0002.22,3870,44400,54650,5060.000000000000000,1896.000000000000000,2.470000000000000,2049.699999999999818,51,44400,2050,5060,1896,54650
8250076.23,2021S05078250076.23,0076.23,0.9104,48,4078.567291706393917,910284.134499236708507,0076.23,3295,40800,45160,4629.000000000000000,1459.000000000000000,0.91,5084.600000000000364,242,40800,5085,4629,1459,45160
8250076.24,2021S05078250076.24,0076.24,1.501800000000000,48,5339.565257573146482,1501484.919427763437852,0076.24,4120,38800,43160,5502.000000000000000,1836.000000000000000,1.500000000000000,3663.599999999999909,243,38800,3664,5502,1836,43160
8250077.25,2021S05078250077.25,0077.25,6.663700000000000,48,11551.122541410484700,6704483.452522150240839,0077.25,4350,43600,55400,5891.000000000000000,2218.000000000000000,6.660000000000000,884.000000000000000,274,43600,884,5891,2218,55400
8250077.26,2021S05078250077.26,0077.26,1.868700000000000,48,6123.882844902524084,1888488.794155306182802,0077.26,4275,42000,53600,5705.000000000000000,1885.000000000000000,1.870000000000000,3052.900000000000091,275,42000,3053,5705,1885,53600
8250077.27,2021S05078250077.27,0077.27,1.306700000000000,48,5962.186062072363711,1306428.074134218739346,0077.27,3475,41600,49240,4358.000000000000000,1812.000000000000000,1.310000000000000,3335.099999999999909,276,41600,3335,4358,1812,49240
8250077.28,2021S05078250077.28,0077.28,1.415700000000000,48,5435.964357488451242,1433407.641218276927248,0077.28,3020,45600,64500,4061.000000000000000,1286.000000000000000,1.420000000000000,2868.500000000000000,277,45600,2868,4061,1286,64500
8250077.3,2021S05078250077.30,0077.30,1.917400000000000,48,6249.783507092918626,1917025.500379323726520,0077.30,3885,43200,53950,5695.000000000000000,1720.000000000000000,1.920000000000000,2970.199999999999818,278,43200,2970,5695,1720,53950
8250077.31,2021S05078250077.31,0077.31,2.002500000000000,48,7255.738577766765957,2002108.234095358755440,0077.31,2785,38800,66300,3272.000000000000000,1113.000000000000000,2.000000000000000,1634.000000000000000,279,38800,1634,3272,1113,66300
8250077.32,2021S05078250077.32,0077.32,1.708200000000000,48,6438.039700869784610,1707852.359358394285664,0077.32,3410,35600,49240,4070.000000000000000,1384.000000000000000,1.710000000000000,2382.599999999999909,280,35600,2383,4070,1384,49240
8250050.12,2021S05078250050.12,0050.12,3.799100000000000,48,7794.356976266178208,3798401.844859185628593,0050.12,4860,46800,73600,6602.000000000000000,2233.000000000000000,3.800000000000000,1737.799999999999955,182,46800,1738,6602,2233,73600
8250050.13,2021S05078250050.13,0050.13,2.972300000000000,48,7321.369617270373965,2971721.236319237854332,0050.13,2340,45600,71600,3311.000000000000000,1134.000000000000000,9.970000000000001,1114.000000000000000,183,45600,1114,3311,1134,71600
8250050.14,2021S05078250050.14,0050.14,3.482200000000000,48,8545.646764729306597,3556067.470181551761925,0050.14,3340,48000,84800,4256.000000000000000,1678.000000000000000,3.480000000000000,1222.200000000000045,184,48000,1222,4256,1678,84800
8250001.17,2021S05078250001.17,0001.17,2.651500000000000,48,8127.812657302724801,2672165.806897908449173,0001.17,3475,45600,61950,4273.000000000000000,1630.000000000000000,2.650000000000000,1611.500000000000000,14,45600,1612,4273,1630,61950
8250001.14,2021S05078250001.14,0001.14,2.003900000000000,48,8049.450011123530203,2033945.756648070644587,0001.14,1995,48000,68900,2449.000000000000000,1054.000000000000000,2.000000000000000,1222.099999999999909,13,48000,1222,2449,1054,68900
8250050.15,2021S05078250050.15,0050.15,2.621000000000000,48,6518.801666846896296,2620516.299768195021898,0050.15,2375,55600,90100,3573.000000000000000,1127.000000000000000,2.620000000000000,1363.200000000000045,185,55600,1363,3573,1127,90100
8250050.16,2021S05078250050.16,0050.16,2.670900000000000,48,6544.030011467917575,2670399.109663047362119,0050.16,3840,53200,73400,5568.000000000000000,1945.000000000000000,2.670000000000000,2084.699999999999818,186,53200,2085,5568,1945,73400
8250022.01,2021S05078250022.01,0022.01,2.085600000000000,48,7853.688066009090107,2085160.728437161073089,0022.01,3605,56400,85400,5069.000000000000000,2243.000000000000000,2.090000000000000,2430.500000000000000,99,56400,2430,5069,2243,85400
8250022.02,2021S05078250022.02,0022.02,1.880300000000000,48,6463.549631491399850,1879941.207551576895639,0022.02,2325,43200,56200,3290.000000000000000,1700.000000000000000,1.880000000000000,1749.700000000000045,100,43200,1750,3290,1700,56200
8250031.01,2021S05078250031.01,0031.01,0.7961,48,5144.973851263262986,795920.342327786143869,0031.01,4760,45600,54600,5244.000000000000000,3826.000000000000000,0.8,6587.100000000000364,111,45600,6587,5244,3826,54600
8250031.02,2021S05078250031.02,0031.02,0.4748,48,3698.571640549797394,479986.646051644522231,0031.02,4130,46800,66000,4558.000000000000000,3454.000000000000000,0.47,9599.799999999999272,112,46800,9600,4558,3454,66000
8250045.01,2021S05078250045.01,0045.01,0.1939,48,1766.410209849966122,193831.063188442582032,0045.01,3045,36800,42920,3471.000000000000000,2333.000000000000000,0.19,17901.000000000000000,168,36800,17901,3471,2333,42920
8250045.02,2021S05078250045.02,0045.02,0.3929,48,2552.438683219742870,392774.144896402023733,0045.02,5685,44400,53950,6252.000000000000000,4424.000000000000000,0.39,15912.399999999999636,169,44400,15912,6252,4424,53950
8250001.4,2021S05078250001.40,0001.40,0.3769,48,3388.194182238153189,431850.493760560115334,0001.40,1805,34000,38160,2169.000000000000000,1114.000000000000000,0.38,5754.800000000000182,27,34000,5755,2169,1114,38160
8250001.41,2021S05078250001.41,0001.41,1.468600000000000,48,6374.593423833524866,1474712.569436677265912,0001.41,1985,42000,56900,2730.000000000000000,848.000000000000000,1.470000000000000,1858.900000000000091,28,42000,1859,2730,848,56900
8250001.42,2021S05078250001.42,0001.42,9.992000000000001,48,15511.663289266823995,10195888.858964795246720,0001.42,5025,46000,51040,6933.000000000000000,2436.000000000000000,9.990000000000000,693.899999999999977,29,46000,694,6933,2436,51040
8250001.43,2021S05078250001.43,0001.43,1.040100000000000,48,6366.446049097730793,1053228.011924494523555,0001.43,3585,42000,55250,5036.000000000000000,1446.000000000000000,1.040000000000000,4841.800000000000182,30,42000,4842,5036,1446,55250
8250001.44,2021S05078250001.44,0001.44,0.5747,48,3482.141443650324163,592371.533326463890262,0001.44,1930,42400,51650,2662.000000000000000,802.000000000000000,0.57,4632.000000000000000,31,42400,4632,2662,802,51650
8250038.35,2021S05078250038.35,0038.35,32.238700000000001,48,44823.486705863659154,33840483.583923451602459,0038.35,6775,34800,38520,10067.000000000000000,2685.000000000000000,32.240000000000002,312.300000000000011,146,34800,312,10067,2685,38520
8250038.36,2021S05078250038.36,0038.36,10.603600000000000,48,15424.720527926187060,11422339.929827881976962,0038.36,8870,37600,40240,13230.000000000000000,3757.000000000000000,10.600000000000000,1247.700000000000045,147,37600,1248,13230,3757,40240
8250038.37,2021S05078250038.37,0038.37,0.7778,48,4447.890425827834406,815953.883283636998385,0038.37,4870,38000,40680,6647.000000000000000,2700.000000000000000,0.78,8545.899999999999636,148,38000,8546,6647,2700,40680
8250038.38,2021S05078250038.38,0038.38,0.8414,48,3957.185257464780079,917445.695022793603130,0038.38,5305,36800,40040,7414.000000000000000,2401.000000000000000,0.84,8811.500000000000000,149,36800,8812,7414,2401,40040
8250038.39,2021S05078250038.39,0038.39,0.5141,48,3207.749665117918994,567173.308410140336491,0038.39,2620,30400,33520,3651.000000000000000,876.000000000000000,0.51,7101.699999999999818,150,30400,7102,3651,876,33520
8250038.4,2021S05078250038.40,0038.40,0.4363,48,3341.788684587108946,469745.525405824766494,0038.40,3330,30600,34640,4671.000000000000000,1236.000000000000000,0.44,10705.899999999999636,151,30600,10706,4671,1236,34640
8250038.41,2021S05078250038.41,0038.41,0.8878,48,4791.494378245221014,913722.494499769876711,0038.41,2630,33600,36360,3859.000000000000000,1061.000000000000000,0.89,4346.699999999999818,152,33600,4347,3859,1061,36360
8250038.42,2021S05078250038.42,0038.42,0.5165,48,3159.425055802077623,627146.912383442278951,0038.42,2690,31800,35600,3674.000000000000000,926.000000000000000,0.52,7113.300000000000182,153,31800,7113,3674,926,35600
8250038.43,2021S05078250038.43,0038.43,0.7,48,3945.316431188765819,749298.792775182751939,0038.43,3565,32800,36520,4968.000000000000000,1362.000000000000000,0.7,7097.100000000000364,154,32800,7097,4968,1362,36520
8250038.44,2021S05078250038.44,0038.44,0.5097,48,3446.615463789333717,534480.875699243042618,0038.44,2980,29600,33880,4273.000000000000000,1109.000000000000000,0.51,8383.399999999999636,155,29600,8383,4273,1109,33880
8250038.45,2021S05078250038.45,0038.45,0.6802,48,4375.211122757855264,703389.042975408956409,0038.45,3110,32000,35280,4272.000000000000000,1248.000000000000000,0.68,6280.500000000000000,156,32000,6280,4272,1248,35280
8250038.46,2021S05078250038.46,0038.46,0.5493,48,3463.825552270557182,570276.733701914083213,0038.46,2890,32400,35480,4210.000000000000000,1133.000000000000000,0.55,7664.300000000000182,157,32400,7664,4210,1133,35480
8250038.47,2021S05078250038.47,0038.47,2.690600000000000,48,9878.534490756312152,2835966.328305925708264,0038.47,3545,31800,35960,4980.000000000000000,1238.000000000000000,2.690000000000000,1850.900000000000091,158,31800,1851,4980,1238,35960
8250076.25,2021S05078250076.25,0076.25,1.098500000000000,48,6857.676034889213952,1098258.308178529143333,0076.25,2620,47200,54450,3851.000000000000000,1203.000000000000000,1.100000000000000,3505.699999999999818,244,47200,3506,3851,1203,54450
8250076.26,2021S05078250076.26,0076.26,1.611200000000000,48,6468.695209275913840,1610842.610314433462918,0076.26,4840,48000,53800,7336.000000000000000,2390.000000000000000,1.610000000000000,4553.100000000000364,245,48000,4553,7336,2390,53800
8250076.27,2021S05078250076.27,0076.27,1.159600000000000,48,5293.530111159690023,1159395.468087972141802,0076.27,2920,42400,49360,4315.000000000000000,1305.000000000000000,1.160000000000000,3721.099999999999909,246,42400,3721,4315,1305,49360
8250076.28,2021S05078250076.28,0076.28,0.838,48,4324.807321944606883,837787.463230091612786,0076.28,2335,48800,52900,3713.000000000000000,1124.000000000000000,0.84,4430.800000000000182,247,48800,4431,3713,1124,52900
8250076.29,2021S05078250076.29,0076.29,1.537800000000000,48,5114.766694430464668,1537542.617815112229437,0076.29,2035,45200,50520,2920.000000000000000,954.000000000000000,1.540000000000000,1898.799999999999955,248,45200,1899,2920,954,50520
8250076.3,2021S05078250076.30,0076.30,1.508500000000000,48,5745.036125992989582,1508187.080272827995941,0076.30,5175,38400,43840,7253.000000000000000,2609.000000000000000,1.510000000000000,4808.100000000000364,249,38400,4808,7253,2609,43840
8250076.31,2021S05078250076.31,0076.31,2.064800000000000,48,6734.158664471395241,2064343.433676500571892,0076.31,5020,38400,50400,6906.000000000000000,2040.000000000000000,2.060000000000000,3344.599999999999909,250,38400,3345,6906,2040,50400
8250076.32,2021S05078250076.32,0076.32,0.6654,48,3219.968805529092151,665273.468346534296870,0076.32,2845,34800,43480,3857.000000000000000,1063.000000000000000,0.67,5796.500000000000000,251,34800,5796,3857,1063,43480
8250076.33,2021S05078250076.33,0076.33,0.9068,48,6831.480802198931087,906580.622569724568166,0076.33,3130,35600,45520,4164.000000000000000,1406.000000000000000,0.91,4592.000000000000000,252,35600,4592,4164,1406,45520
8250002.24,2021S05078250002.24,0002.24,0.8511,48,4695.439880934832217,850938.543601038749330,0002.24,3035,40800,45920,3930.000000000000000,1757.000000000000000,0.85,4617.600000000000364,52,40800,4618,3930,1757,45920
8250002.25,2021S05078250002.25,0002.25,1.176500000000000,48,5351.319162464350484,1190994.861847196472809,0002.25,3425,45600,52000,4612.000000000000000,1729.000000000000000,1.180000000000000,3920.099999999999909,53,45600,3920,4612,1729,52000
8250002.26,2021S05078250002.26,0002.26,1.018900000000000,48,5265.760493426435460,1039175.506282737595029,0002.26,2415,49200,55450,3596.000000000000000,1153.000000000000000,1.020000000000000,3529.300000000000182,54,49200,3529,3596,1153,55450
8250002.27,2021S05078250002.27,0002.27,0.8613,48,4301.085205813222274,952875.727907247608528,0002.27,2860,48400,54400,4219.000000000000000,1258.000000000000000,0.86,4898.399999999999636,55,48400,4898,4219,1258,54400
8250002.28,2021S05078250002.28,0002.28,0.7277,48,7019.014182390389578,821159.388343240832910,0002.28,3805,46800,50120,5233.000000000000000,1906.000000000000000,0.73,7191.199999999999818,56,46800,7191,5233,1906,50120
8250002.29,2021S05078250002.29,0002.29,1.215900000000000,48,6188.731615820043771,1581565.972683663247153,0002.29,3175,46800,50240,4471.000000000000000,1738.000000000000000,1.220000000000000,3677.099999999999909,57,46800,3677,4471,1738,50240
8250002.3,2021S05078250002.30,0002.30,1.224700000000000,48,4937.728526393302673,1341287.589122567558661,0002.30,3580,47200,50880,5101.000000000000000,1707.000000000000000,1.220000000000000,4165.100000000000364,58,47200,4165,5101,1707,50880
8250002.31,2021S05078250002.31,0002.31,1.916700000000000,48,6337.803306831302507,2319705.846943484153599,0002.31,3130,45600,50040,4380.000000000000000,1664.000000000000000,1.920000000000000,2285.199999999999818,59,45600,2285,4380,1664,50040
8250002.32,2021S05078250002.32,0002.32,1.082400000000000,48,7634.226074226458877,1139913.852641611360013,0002.32,2390,50000,54950,3495.000000000000000,1183.000000000000000,1.080000000000000,3228.900000000000091,60,50000,3229,3495,1183,54950
8250002.33,2021S05078250002.33,0002.33,0.831,48,5492.934448210350638,872765.167640701052733,0002.33,1815,56000,60050,2938.000000000000000,876.000000000000000,0.83,3535.500000000000000,61,56000,3536,2938,876,60050
8250002.34,2021S05078250002.34,0002.34,1.348900000000000,48,4811.248998662271333,1357866.276406266726553,0002.34,3145,59200,73400,5009.000000000000000,1384.000000000000000,1.350000000000000,3713.400000000000091,62,59200,3713,5009,1384,73400
8250002.35,2021S05078250002.35,0002.35,0.6301,48,3259.052295180293640,629976.083548423368484,0002.35,2550,47200,52850,3409.000000000000000,1530.000000000000000,0.63,5410.300000000000182,63,47200,5410,3409,1530,52850
8250002.36,2021S05078250002.36,0002.36,0.5047,48,3614.574176244872433,508717.348744428367354,0002.36,2415,46400,51080,3445.000000000000000,1405.000000000000000,0.5,6825.800000000000182,64,46400,6826,3445,1405,51080
8250002.37,2021S05078250002.37,0002.37,1.165600000000000,48,6146.196241105963963,1283948.429093812825158,0002.37,2250,56400,59550,3317.000000000000000,1129.000000000000000,1.170000000000000,2845.699999999999818,65,56400,2846,3317,1129,59550
8250002.38,2021S05078250002.38,0002.38,20.021200000000000,48,21482.116971163919516,20848127.466017372906208,0002.38,10065,50000,60900,14189.000000000000000,5860.000000000000000,20.020000000000000,708.700000000000045,66,50000,709,14189,5860,60900
8250002.39,2021S05078250002.39,0002.39,1.836500000000000,48,6379.342746156182329,1836119.467159633990377,0002.39,4645,46800,55050,6662.000000000000000,2208.000000000000000,1.840000000000000,3627.599999999999909,67,46800,3628,6662,2208,55050
8250002.4,2021S05078250002.40,0002.40,3.914700000000000,48,8237.278682893096629,4041592.413197179790586,0002.40,6560,52400,61550,9200.000000000000000,3281.000000000000000,3.910000000000000,2350.099999999999909,68,52400,2350,9200,3281,61550
8250049.04,2021S05078250049.04,0049.04,1.229000000000000,48,6437.553712889582130,1228715.898133669514209,0049.04,2775,45600,56600,3383.000000000000000,1534.000000000000000,1.230000000000000,2752.599999999999909,175,45600,2753,3383,1534,56600
8250049.05,2021S05078250049.05,0049.05,2.080200000000000,48,8326.469323643968892,2079811.581589678768069,0049.05,3535,43600,87600,4169.000000000000000,2152.000000000000000,2.080000000000000,2004.099999999999909,176,43600,2004,4169,2152,87600
8250038.48,2021S05078250038.48,0038.48,0.6963,48,4980.208568764849588,734480.915512315928936,0038.48,3365,32000,35040,4533.000000000000000,1265.000000000000000,0.7,6510.100000000000364,159,32000,6510,4533,1265,35040
8250038.49,2021S05078250038.49,0038.49,0.9676,48,6080.150458862209234,1041577.792304779752158,0038.49,3315,32000,35440,4521.000000000000000,1309.000000000000000,0.97,4672.399999999999636,160,32000,4672,4521,1309,35440
8250076.34,2021S05078250076.34,0076.34,0.8152,48,6496.850836325599630,815061.138118452858180,0076.34,2845,37600,44080,3592.000000000000000,1306.000000000000000,0.82,4406.300000000000182,253,37600,4406,3592,1306,44080
8250001.22,2021S05078250001.22,0001.22,3.274300000000000,48,12787.519370618743778,3459116.720699699129909,0001.22,3260,42400,56350,4076.000000000000000,1432.000000000000000,3.270000000000000,1244.799999999999955,15,42400,1245,4076,1432,56350
8250001.23,2021S05078250001.23,0001.23,1.128100000000000,48,4704.360216642763589,1263422.924668483203277,0001.23,2360,42400,55550,3083.000000000000000,1035.000000000000000,1.130000000000000,2732.900000000000091,16,42400,2733,3083,1035,55550
8250002.04,2021S05078250002.04,0002.04,80.782899999999998,48,58306.055721566823195,87037869.447423398494720,0002.04,520,33200,39800,755.000000000000000,293.000000000000000,80.780000000000001,9.300000000000001,39,33200,9,755,293,39800
8250002.06,2021S05078250002.06,0002.06,2.133000000000000,48,8512.992020567020518,2467394.971720243804157,0002.06,3190,47600,59550,3830.000000000000000,1447.000000000000000,2.130000000000000,1795.599999999999909,40,47600,1796,3830,1447,59550
8250002.07,2021S05078250002.07,0002.07,2.104500000000000,48,7320.336542091396950,2456956.591073861811310,0002.07,3945,43200,50720,4680.000000000000000,1835.000000000000000,2.100000000000000,2223.800000000000182,41,43200,2224,4680,1835,50720
8250002.08,2021S05078250002.08,0002.08,1.585400000000000,48,5594.737669336334875,1585082.292615143815055,0002.08,3570,41600,47360,4347.000000000000000,1607.000000000000000,1.590000000000000,2741.900000000000091,42,41600,2742,4347,1607,47360
8250002.09,2021S05078250002.09,0002.09,1.116500000000000,48,4537.424085734255641,1256797.911163452081382,0002.09,2850,44800,56700,3626.000000000000000,1380.000000000000000,1.120000000000000,3247.599999999999909,43,44800,3248,3626,1380,56700
8250002.1,2021S05078250002.10,0002.10,1.828200000000000,48,5890.833779806696839,1827873.252978821052238,0002.10,2970,42000,57600,3999.000000000000000,1354.000000000000000,1.830000000000000,2187.400000000000091,44,42000,2187,3999,1354,57600
8250002.11,2021S05078250002.11,0002.11,2.350800000000000,48,8072.524570390031840,2654538.463028560392559,0002.11,3090,48400,63350,3775.000000000000000,1280.000000000000000,2.350000000000000,1605.799999999999955,45,48400,1606,3775,1280,63350
8250002.12,2021S05078250002.12,0002.12,0.563,48,3497.372425304117769,621774.792239889036864,0002.12,1515,44000,57650,1890.000000000000000,641.000000000000000,0.56,3357.000000000000000,46,44000,3357,1890,641,57650
8250038.2,2021S05078250038.20,0038.20,1.582200000000000,48,5653.368225322323269,1590891.710939561482519,0038.20,5345,33600,36320,6835.000000000000000,2424.000000000000000,1.580000000000000,4319.899999999999636,137,33600,4320,6835,2424,36320
8250038.21,2021S05078250038.21,0038.21,1.398600000000000,48,5368.620006547857884,1398299.390351630281657,0038.21,4205,32000,34320,5272.000000000000000,2414.000000000000000,1.400000000000000,3769.500000000000000,138,32000,3770,5272,2414,34320
8250038.22,2021S05078250038.22,0038.22,2.580900000000000,48,6515.370166410289130,2608026.163707573898137,0038.22,3865,31200,35920,4557.000000000000000,1531.000000000000000,2.580000000000000,1765.700000000000045,139,31200,1766,4557,1531,35920
8250038.23,2021S05078250038.23,0038.23,1.276900000000000,48,4913.936069610413142,1276684.435723964590579,0038.23,3710,32800,36720,5004.000000000000000,1903.000000000000000,1.280000000000000,3918.900000000000091,140,32800,3919,5004,1903,36720
8250038.24,2021S05078250038.24,0038.24,2.569500000000000,48,6494.521255662039039,2701631.668084932491183,0038.24,4330,32800,35920,5806.000000000000000,1681.000000000000000,2.570000000000000,2259.599999999999909,141,32800,2260,5806,1681,35920
8250038.25,2021S05078250038.25,0038.25,1.318300000000000,48,6720.152051223760282,1318012.765024159336463,0038.25,3725,32800,37240,4910.000000000000000,1694.000000000000000,1.320000000000000,3724.500000000000000,142,32800,3724,4910,1694,37240
8250017.03,2021S05078250017.03,0017.03,0.82,48,3611.996270058750724,819792.807378626661375,0017.03,2830,37200,43320,3485.000000000000000,1892.000000000000000,0.82,4250.000000000000000,89,37200,4250,3485,1892,43320
8250017.04,2021S05078250017.04,0017.04,2.088900000000000,48,7066.672898247002195,2088527.985885711153969,0017.04,3815,42400,52250,4512.000000000000000,2007.000000000000000,2.090000000000000,2160.000000000000000,90,42400,2160,4512,2007,52250
8250017.05,2021S05078250017.05,0017.05,1.721100000000000,48,9911.416916170588593,1720783.851250701583922,0017.05,2955,39600,57900,3541.000000000000000,1374.000000000000000,1.720000000000000,2057.400000000000091,91,39600,2057,3541,1374,57900
8250017.06,2021S05078250017.06,0017.06,1.659600000000000,48,5945.657449246042233,1659302.007848657900468,0017.06,4090,42000,61300,5240.000000000000000,1851.000000000000000,1.660000000000000,3157.400000000000091,92,42000,3157,5240,1851,61300
8250038.27,2021S05078250038.27,0038.27,1.619200000000000,48,5384.623664761695181,1800747.027367838425562,0038.27,4645,31400,36680,5718.000000000000000,1530.000000000000000,1.620000000000000,3531.400000000000091,143,31400,3531,5718,1530,36680
8250038.28,2021S05078250038.28,0038.28,0.7053,48,4154.161013821790220,705184.606046715634875,0038.28,2945,32400,35040,4179.000000000000000,1403.000000000000000,0.71,5925.100000000000364,144,32400,5925,4179,1403,35040
8250038.3,2021S05078250038.30,0038.30,0.9563,48,4520.383473188465359,957596.497330464655533,0038.30,3945,32000,35120,5413.000000000000000,1592.000000000000000,0.96,5660.399999999999636,145,32000,5660,5413,1592,35120
8250052.06,2021S05078250052.06,0052.06,2.579100000000000,48,8797.948435016323856,2578978.532873793970793,0052.06,3260,47600,67700,3938.000000000000000,1491.000000000000000,2.580000000000000,1526.900000000000091,198,47600,1527,3938,1491,67700
8250052.07,2021S05078250052.07,0052.07,1.970300000000000,48,7667.285791543935375,1969930.648762729717419,0052.07,3225,43600,55950,4088.000000000000000,1560.000000000000000,1.970000000000000,2074.800000000000182,199,43600,2075,4088,1560,55950
8250076.35,2021S05078250076.35,0076.35,4.388100000000000,48,12205.640924003173495,4402188.806097951717675,0076.35,3525,40800,47200,4338.000000000000000,1668.000000000000000,4.390000000000000,988.600000000000023,254,40800,989,4338,1668,47200
8250077.13,2021S05078250077.13,0077.13,1.248900000000000,48,6691.605062914543851,1248681.732447437942028,0077.13,2655,41200,51250,3318.000000000000000,1180.000000000000000,1.250000000000000,2656.699999999999818,264,41200,2657,3318,1180,51250
8250077.14,2021S05078250077.14,0077.14,1.027600000000000,48,6154.288926160915253,1027389.449006935348734,0077.14,2995,39200,50960,3726.000000000000000,1305.000000000000000,1.030000000000000,3625.900000000000091,265,39200,3626,3726,1305,50960
8250077.16,2021S05078250077.16,0077.16,2.467600000000000,48,7563.277117442548843,2467138.111935820896178,0077.16,5000,37600,60400,6149.000000000000000,2078.000000000000000,2.470000000000000,2491.900000000000091,266,37600,2492,6149,2078,60400
8250077.17,2021S05078250077.17,0077.17,1.885800000000000,48,8562.960649478554842,1885419.894000989152119,0077.17,3840,38400,53000,5002.000000000000000,1803.000000000000000,1.890000000000000,2652.500000000000000,267,38400,2652,5002,1803,53000
8250001.25,2021S05078250001.25,0001.25,1.647200000000000,48,5639.062171371247132,1660421.112263293005526,0001.25,5265,38800,46600,6754.000000000000000,2648.000000000000000,1.650000000000000,4100.300000000000182,17,38800,4100,6754,2648,46600
8250001.28,2021S05078250001.28,0001.28,1.168400000000000,48,5281.258443859675936,1168148.916818807134405,0001.28,3250,37600,43080,4153.000000000000000,1487.000000000000000,1.170000000000000,3554.400000000000091,18,37600,3554,4153,1487,43080
8250001.29,2021S05078250001.29,0001.29,1.086900000000000,48,5705.794653432344603,1127975.435885473620147,0001.29,3610,40400,46800,4451.000000000000000,1577.000000000000000,1.090000000000000,4095.099999999999909,19,40400,4095,4451,1577,46800
8250076.09,2021S05078250076.09,0076.09,1.551800000000000,48,7289.573450554768897,1559409.466311495518312,0076.09,3740,36800,41960,4795.000000000000000,1818.000000000000000,1.550000000000000,3090.000000000000000,236,36800,3090,4795,1818,41960
8250076.13,2021S05078250076.13,0076.13,3.540100000000000,48,16805.236633773853100,3539359.800133939366788,0076.13,6035,40800,50480,7720.000000000000000,2754.000000000000000,3.540000000000000,2180.699999999999818,237,40800,2181,7720,2754,50480
8250076.14,2021S05078250076.14,0076.14,1.791000000000000,48,5447.009606694372451,1793294.621711550280452,0076.14,4805,36400,43480,5816.000000000000000,2157.000000000000000,1.790000000000000,3247.300000000000182,238,36400,3247,5816,2157,43480
8250076.15,2021S05078250076.15,0076.15,0.5848,48,4483.081330849252481,584725.842719569103792,0076.15,1685,38000,43280,2156.000000000000000,849.000000000000000,0.58,3686.699999999999818,239,38000,3687,2156,849,43280
8250001.45,2021S05078250001.45,0001.45,3.099200000000000,48,7676.492750637927202,3323086.322950312867761,0001.45,2855,46400,56200,3897.000000000000000,1444.000000000000000,3.100000000000000,1257.400000000000091,32,46400,1257,3897,1444,56200
8250001.46,2021S05078250001.46,0001.46,1.002800000000000,48,4964.208342258053563,1089574.444432843243703,0001.46,3490,45600,50680,4799.000000000000000,1712.000000000000000,1.000000000000000,4785.600000000000364,33,45600,4786,4799,1712,50680
8250001.47,2021S05078250001.47,0001.47,4.205700000000000,48,9124.787165889732933,4475286.932462336495519,0001.47,2550,47600,49440,3391.000000000000000,1366.000000000000000,4.210000000000000,806.299999999999955,34,47600,806,3391,1366,49440
8250001.48,2021S05078250001.48,0001.48,5.882800000000000,48,11583.412508707646339,6197993.675458254292607,0001.48,5935,44400,49880,7975.000000000000000,3137.000000000000000,5.880000000000000,1355.599999999999909,35,44400,1356,7975,3137,49880
8250077.33,2021S05078250077.33,0077.33,18.407499999999999,48,26321.813282909359259,18444455.893669847398996,0077.33,2135,36800,45240,3497.000000000000000,941.000000000000000,18.410000000000000,190.000000000000000,281,36800,190,3497,941,45240
8250077.34,2021S05078250077.34,0077.34,0.775,48,5191.572194565538666,776930.130659704562277,0077.34,2195,46400,54750,3376.000000000000000,920.000000000000000,0.78,4356.100000000000364,282,46400,4356,3376,920,54750
8250077.35,2021S05078250077.35,0077.35,0.4118,48,2629.425904439725400,411720.060348871338647,0077.35,1275,47200,57650,1834.000000000000000,614.000000000000000,0.41,4453.600000000000364,283,47200,4454,1834,614,57650
8250077.36,2021S05078250077.36,0077.36,0.8388,48,5274.724328707532550,838605.891047408920713,0077.36,2375,44800,48680,3371.000000000000000,1253.000000000000000,0.84,4018.800000000000182,284,44800,4019,3371,1253,48680
8250077.37,2021S05078250077.37,0077.37,1.046100000000000,48,4234.616992179584486,1045872.558634571498260,0077.37,3255,48000,53000,4579.000000000000000,1652.000000000000000,1.050000000000000,4377.199999999999818,285,48000,4377,4579,1652,53000
8250077.38,2021S05078250077.38,0077.38,1.532000000000000,48,6679.614870027519828,1531730.468590916367248,0077.38,2495,46400,50520,3395.000000000000000,1408.000000000000000,1.530000000000000,2216.099999999999909,286,46400,2216,3395,1408,50520
8250077.39,2021S05078250077.39,0077.39,1.281900000000000,48,6551.063522397145789,1281629.936620166292414,0077.39,3975,38000,45520,5397.000000000000000,2013.000000000000000,1.280000000000000,4210.199999999999818,287,38000,4210,5397,2013,45520
8250202.01,2021S05078250202.01,0202.01,30.396599999999999,48,28704.675848172326369,30562545.473636310547590,0202.01,2855,45200,48120,3914.000000000000000,1366.000000000000000,30.399999999999999,128.800000000000011,290,45200,129,3914,1366,48120
8250050.17,2021S05078250050.17,0050.17,5.104600000000000,48,11784.877190266388425,5331926.247705221176147,0050.17,4240,48800,61950,5431.000000000000000,1945.000000000000000,5.100000000000000,1063.900000000000091,187,48800,1064,5431,1945,61950
8250050.18,2021S05078250050.18,0050.18,3.461000000000000,48,11045.344426380475852,3460312.123157091438770,0050.18,1755,56400,67200,2351.000000000000000,792.000000000000000,3.460000000000000,679.299999999999955,188,56400,679,2351,792,67200
8250050.19,2021S05078250050.19,0050.19,4.768200000000000,48,11224.402101645684525,4767277.300925124436617,0050.19,4860,50400,61950,7038.000000000000000,2288.000000000000000,4.770000000000000,1476.000000000000000,189,50400,1476,7038,2288,61950
8250050.2,2021S05078250050.20,0050.20,1.300600000000000,48,5408.514913848408469,1300381.683334551285952,0050.20,x,x,x,63.000000000000000,80.000000000000000,1.300000000000000,48.399999999999999,190,,48,63,80,
8250050.21,2021S05078250050.21,0050.21,0.8906,48,5145.155714859882210,890455.304628914571367,0050.21,1745,44800,70000,2334.000000000000000,736.000000000000000,0.89,2620.699999999999818,191,44800,2621,2334,736,70000
8250050.22,2021S05078250050.22,0050.22,1.918600000000000,48,5732.431269459573741,1918200.871596980839968,0050.22,2840,57600,94100,4038.000000000000000,1164.000000000000000,1.920000000000000,2104.699999999999818,192,57600,2105,4038,1164,94100
8250018.01,2021S05078250018.01,0018.01,1.089000000000000,48,4507.010596713840641,1088827.077424329239875,0018.01,2385,38400,48560,2994.000000000000000,1304.000000000000000,1.090000000000000,2749.300000000000182,93,38400,2749,2994,1304,48560
8250018.02,2021S05078250018.02,0018.02,0.6416,48,3871.096339909364360,641445.523255823645741,0018.02,1670,36000,50480,2121.000000000000000,915.000000000000000,0.64,3305.800000000000182,94,36000,3306,2121,915,50480
8250021.01,2021S05078250021.01,0021.01,0.6097,48,3462.765351515515704,609569.030552245210856,0021.01,2200,48800,70400,2775.000000000000000,1357.000000000000000,0.61,4551.399999999999636,97,48800,4551,2775,1357,70400
8250021.02,2021S05078250021.02,0021.02,0.6052,48,4747.676009481509027,605067.636406664620154,0021.02,1570,49600,68800,1942.000000000000000,950.000000000000000,0.61,3208.900000000000091,98,49600,3209,1942,950,68800
8250027.01,2021S05078250027.01,0027.01,0.2586,48,2976.139373659119428,258537.506859832705231,0027.01,2800,39200,50960,3136.000000000000000,2311.000000000000000,0.26,12126.799999999999272,105,39200,12127,3136,2311,50960
8250027.02,2021S05078250027.02,0027.02,0.7415,48,4021.547731259827287,741322.197641377220862,0027.02,1470,54400,150200,1760.000000000000000,915.000000000000000,0.74,2373.599999999999909,106,54400,2374,1760,915,150200
8250027.03,2021S05078250027.03,0027.03,0.3292,48,2631.188637070022651,329089.385785527178086,0027.03,1630,40800,47800,1771.000000000000000,1301.000000000000000,0.33,5379.699999999999818,107,40800,5380,1771,1301,47800
8250042.01,2021S05078250042.01,0042.01,0.8712,48,4521.992561387557544,875869.734694408020005,0042.01,4175,33200,48440,5345.000000000000000,3675.000000000000000,0.87,6135.199999999999818,164,33200,6135,5345,3675,48440
8250042.02,2021S05078250042.02,0042.02,0.5476,48,3137.731209398805731,547448.373196156346239,0042.02,920,53200,69800,980.000000000000000,827.000000000000000,0.55,1789.599999999999909,165,53200,1790,980,827,69800
8250007.05,2021S05078250007.05,0007.05,0.8348,48,15209.930828457150710,4412074.585853982716799,0007.05,535,67500,138500,672.000000000000000,247.000000000000000,0.83,805.000000000000000,76,67500,805,672,247,138500
8250007.06,2021S05078250007.06,0007.06,0.9801,48,4035.046285657244425,979941.966616757330485,0007.06,2905,39600,49920,3401.000000000000000,1840.000000000000000,0.98,3470.099999999999909,77,39600,3470,3401,1840,49920
8250007.07,2021S05078250007.07,0007.07,0.949,48,3967.437175799474517,948834.394379535107873,0007.07,1100,48400,87600,1586.000000000000000,563.000000000000000,0.95,1671.200000000000045,78,48400,1671,1586,563,87600
8250066.03,2021S05078250066.03,0066.03,1.995800000000000,48,7090.358949642939479,1995440.906672776676714,0066.03,3185,36000,50640,4031.000000000000000,2345.000000000000000,2.000000000000000,2019.700000000000045,218,36000,2020,4031,2345,50640
8250066.04,2021S05078250066.04,0066.04,1.481700000000000,48,6250.235318310135881,1481390.692697119433433,0066.04,x,x,x,343.000000000000000,7.000000000000000,1.480000000000000,231.500000000000000,219,,232,343,7,
8250049.06,2021S05078250049.06,0049.06,1.684500000000000,48,5497.043671798354808,1684152.168816277990118,0049.06,3350,48000,63150,4262.000000000000000,1618.000000000000000,1.680000000000000,2530.099999999999909,177,48000,2530,4262,1618,63150
8250049.07,2021S05078250049.07,0049.07,0.7992,48,4494.043096474514641,799006.435611253720708,0049.07,1550,47200,76200,2084.000000000000000,727.000000000000000,0.8,2607.599999999999909,178,47200,2608,2084,727,76200
8250077.4,2021S05078250077.40,0077.40,0.909,48,4094.093454029019085,913120.101491527166218,0077.40,1820,43200,61450,2144.000000000000000,864.000000000000000,0.91,2358.599999999999909,288,43200,2359,2144,864,61450
8250077.41,2021S05078250077.41,0077.41,0.865,48,4764.182905552199372,864875.631256314925849,0077.41,1850,44000,52550,2289.000000000000000,874.000000000000000,0.87,2646.199999999999818,289,44000,2646,2289,874,52550
8250076.36,2021S05078250076.36,0076.36,3.938200000000000,48,10667.891453977719721,3947381.350572323426604,0076.36,x,x,x,,,3.940000000000000,,255,,,,,
8250076.37,2021S05078250076.37,0076.37,2.319400000000000,48,11242.800877060722996,2323766.145263945683837,0076.37,3490,39600,45400,4846.000000000000000,1521.000000000000000,2.320000000000000,2089.300000000000182,256,39600,2089,4846,1521,45400
8250076.38,2021S05078250076.38,0076.38,0.6681,48,3535.184783715124922,667926.966584003064781,0076.38,1750,40400,45360,2414.000000000000000,764.000000000000000,0.67,3613.199999999999818,257,40400,3613,2414,764,45360
8250076.39,2021S05078250076.39,0076.39,0.9411,48,3926.795233862782879,940880.493862196919508,0076.39,2050,37200,42760,2731.000000000000000,1350.000000000000000,0.94,2901.900000000000091,258,37200,2902,2731,1350,42760
8250001.49,2021S05078250001.49,0001.49,2.761400000000000,48,10468.069694927076853,2817713.892260581720620,0001.49,3595,44800,63600,4303.000000000000000,1695.000000000000000,2.760000000000000,1558.299999999999955,36,44800,1558,4303,1695,63600
8250001.5,2021S05078250001.50,0001.50,1.528600000000000,48,5984.473406341574446,1565342.460454249521717,0001.50,1720,44000,54500,2159.000000000000000,915.000000000000000,1.530000000000000,1412.400000000000091,37,44000,1412,2159,915,54500
